{
    "global_stats": {
        "I": {
            "mean": 0.0017377080217930512,
            "std": 0.14356736611851956
        },
        "II": {
            "mean": 0.0038203141832033796,
            "std": 0.17755781191435402
        },
        "III": {
            "mean": 0.002078985369418842,
            "std": 0.15620894004410205
        },
        "aVR": {
            "mean": -0.001593612601878088,
            "std": 0.14130977828751345
        },
        "aVL": {
            "mean": -0.0013561875531537973,
            "std": 0.12093651107055514
        },
        "aVF": {
            "mean": 0.0017667012491141157,
            "std": 0.15103439842117525
        },
        "V1": {
            "mean": -0.0004684570266756133,
            "std": 0.22579097827980024
        },
        "V2": {
            "mean": 0.0029829813693335624,
            "std": 0.3648487670717997
        },
        "V3": {
            "mean": 0.0034779498549144957,
            "std": 0.3746732053707821
        },
        "V4": {
            "mean": 0.00407681692861873,
            "std": 0.38782930525871673
        },
        "V5": {
            "mean": 0.0032441011508382465,
            "std": 0.3897460908800855
        },
        "V6": {
            "mean": -0.0004629316852436685,
            "std": 0.41566855499940053
        }
    },
    "clipping_bounds": {
        "I": {
            "lower": -0.7160991225708047,
            "upper": 0.7195745386143908
        },
        "II": {
            "lower": -0.8839687453885667,
            "upper": 0.8916093737549735
        },
        "III": {
            "lower": -0.7789657148510913,
            "upper": 0.7831236855899291
        },
        "aVR": {
            "lower": -0.7081425040394453,
            "upper": 0.7049552788356892
        },
        "aVL": {
            "lower": -0.6060387429059295,
            "upper": 0.6033263677996219
        },
        "aVF": {
            "lower": -0.7534052908567621,
            "upper": 0.7569386933549904
        },
        "V1": {
            "lower": -1.1294233484256768,
            "upper": 1.1284864343723258
        },
        "V2": {
            "lower": -1.8212608539896649,
            "upper": 1.827226816728332
        },
        "V3": {
            "lower": -1.869888076998996,
            "upper": 1.876843976708825
        },
        "V4": {
            "lower": -1.935069709364965,
            "upper": 1.9432233432222024
        },
        "V5": {
            "lower": -1.9454863532495892,
            "upper": 1.9519745555512655
        },
        "V6": {
            "lower": -2.0788057066822465,
            "upper": 2.077879843311759
        }
    }
}